{"0240aeef-b6d5-fb9c-0a20-587ed98fa7ca":"/resources/mit6_096iap11_lec05/data.json","1263e102-7b75-471a-7a34-93b3abdfda59":"/resources/mit6_096iap11_sol04/data.json","13882f48-b166-5637-4a40-a0d103a3b51c":"/resources/mit6_096iap11_lec09/data.json","19b4a1c9-cae6-ba9e-104d-0e5c2928e894":"/resources/6-096iap2011-th/data.json","1b954ce3-fc96-fd11-68f8-cd123c5748e4":"/resources/mit6_096iap11_lec03/data.json","213177bc-033f-42d3-35e2-7bf253448912":"/resources/mit6_096iap11_assn01/data.json","270def7b-1f68-535b-7c38-46c606b220eb":"/resources/mit6_096iap11_lec07/data.json","274f7094-b701-8ebb-378f-8b285734a472":"/resources/mit6_096iap11_sol02/data.json","33183276-1215-4919-0ef4-f8017b06b1b6":"/resources/mit6_096iap11_lec04/data.json","390c1713-1f0d-dd01-950d-df3b2e546b5a":"/pages/lecture-notes/data.json","3fb8a922-fc42-8386-3e29-eeed55d7e664":"/resources/mit6_096iap11_lec10/data.json","4700c091-d8a9-c50c-f8b2-c39bd8d42717":"/resources/mit6_096iap11_sol01/data.json","5706356f-2987-c55d-0495-cf622598cf02":"/resources/mit6_096iap11_assn04/data.json","67df390e-a174-0f5a-6c1c-87552f70829e":"/resources/mit6_096iap11_sol03/data.json","70714554-292d-0889-f63b-7d21be39d579":"/resources/mit6_096iap11_project/data.json","797ebff4-19fa-2cc3-a10a-f2c5f19be961":"/resources/mit6_096iap11_assn02/data.json","a2513759-59c9-498d-ec0d-1204bc20bbd3":"/resources/mit6_096iap11_lec06/data.json","b128e8bb-ad92-049f-5516-f79ec21139fc":"/resources/6-096iap2011/data.json","bc9f9f47-5ee6-1766-1c64-a6e3d1a0c501":"/resources/mit6_096iap11_lec01/data.json","c335118f-84da-6022-9ca2-a206db2d3a6f":"/resources/mit6_096iap11_assn03/data.json","c548d6e2-98ff-ab1b-84c8-87ec03ab717f":"/pages/assignments/data.json","ccef8a1e-c946-adb5-1799-25311e276a7b":"/resources/mit6_096iap11_lec02/data.json","d3efc710-bb90-753e-60a7-b0f799a46296":"/resources/mit6_096iap11_lec08/data.json","f5236dde-f779-6f7a-66c8-580d56a33e81":"/pages/syllabus/data.json"}