{
  "course_title":"Introduction to C++",
  "course_description":"This is a fast-paced introductory course to the C++ programming language. It is intended for those with little programming background, though prior programming experience will make it easier, and those with previous experience will still learn C++-specific constructs and concepts.\n\nThis course is offered during the Independent Activities Period (IAP), which is a special 4-week term at MIT that runs from the first week of January until the end of the month.\n",
  "course_description_html":"<p>This is a fast-paced introductory course to the C++ programming language. It is intended for those with little programming background, though prior programming experience will make it easier, and those with previous experience will still learn C++-specific constructs and concepts.</p>\n<p>This course is offered during the Independent Activities Period (IAP), which is a special 4-week term at MIT that runs from the first week of January until the end of the month.</p>\n",
  "site_uid":"a88cd8a1-47e0-4406-9807-45dd9f5b797f",
  "legacy_uid":"2e8cf72d-4bd3-88eb-9671-b34e5a8729b6","instructors": [{
    "first_name":"Jesse",
    "last_name":"Dunietz",
    "middle_initial":"",
    "salutation":"",
    "title":"Jesse Dunietz"},{
    "first_name":"Geza",
    "last_name":"Kovacs",
    "middle_initial":"",
    "salutation":"",
    "title":"Geza Kovacs"},{
    "first_name":"John",
    "last_name":"Marrero",
    "middle_initial":"",
    "salutation":"",
    "title":"John Marrero"}],"department_numbers":["6"],
  "learning_resource_types":["Lecture Notes","Programming Assignments with Examples"],
  "topics":[["Engineering","Computer Science","Programming Languages"],["Engineering","Computer Science","Software Design and Engineering"]],
  "mit_learn_topics":null,
  "primary_course_number":"6.096",
  "extra_course_numbers":"",
  "term":"January IAP",
  "year":"2011",
  "level":["Undergraduate"],
  "hide_download":null,
  "image_src":"./static_resources/b128e8bbad92049f5516f79ec21139fc_6-096iap2011.jpg",
  "course_image_metadata":{"content_type":"resource","description":"An xkcd comic about pointers. (Courtesy of Randall Munroe.)\r\n","draft":false,"file":"/courses/6-096-introduction-to-c-january-iap-2011/b128e8bbad92049f5516f79ec21139fc_6-096iap2011.jpg","file_size":27912,"file_type":"image/jpeg","image_metadata":{"caption":"One of the defining features of C++ is that it makes heavy use of pointers, variables which store the numerical memory addresses of pieces of other data. (Courtesy of Randall Munroe. Original comic [can be found here](http://xkcd.com/138/).)","credit":"","image-alt":"An xkcd comic about pointers."},"iscjklanguage":false,"learning_resource_types":[],"license":"https://creativecommons.org/licenses/by-nc-sa/4.0/","ocw_type":"OCWImage","resourcetype":"Image","title":"6-096iap2011.jpg","uid":"b128e8bb-ad92-049f-5516-f79ec21139fc"}}

