{
  "title":"6-096iap2011-th.jpg",
  "description": "New image Upload",
  "file": "/courses/6-096-introduction-to-c-january-iap-2011/19b4a1c9cae6ba9e104d0e5c2928e894_6-096iap2011-th.jpg",
  "learning_resource_types": [],
  "resource_type": "Image",
  "file_type": "image/jpeg",
  "image_metadata": {"caption":"One of the defining features of C++ is that it makes heavy use of pointers, variables which store the numerical memory addresses of pieces of other data. (Courtesy of Randall Munroe. Original comic [can be found here](http://xkcd.com/138/).)","credit":"","image-alt":"An xkcd comic about pointers."}}
